{"20221220-08_11_10_00001": {"bboxes": [], "classes": [], "scores": []}, "20221220-08_11_10_00002": {"bboxes": [], "classes": [], "scores": []}, "20221220-08_11_10_00003": {"bboxes": [], "classes": [], "scores": []}, "20221220-08_11_10_00004": {"bboxes": [], "classes": [], "scores": []}, "20221220-08_11_10_00005": {"bboxes": [], "classes": [], "scores": []}, "20221220-08_11_10_00006": {"bboxes": [], "classes": [], "scores": []}, "20221220-08_11_10_00007": {"bboxes": [], "classes": [], "scores": []}, "20221220-08_11_11_00008": {"bboxes": [], "classes": [], "scores": []}, "20221220-08_11_11_00009": {"bboxes": [], "classes": [], "scores": []}, "20221220-08_11_11_00010": {"bboxes": [], "classes": [], "scores": []}, "20221220-08_11_11_00011": {"bboxes": [], "classes": [], "scores": []}, "20221220-08_11_11_00012": {"bboxes": [], "classes": [], "scores": []}, "20221220-08_11_11_00013": {"bboxes": [], "classes": [], "scores": []}, "20221220-08_11_11_00014": {"bboxes": [], "classes": [], "scores": []}, "20221220-08_11_11_00015": {"bboxes": [], "classes": [], "scores": []}, "20221220-08_11_11_00016": {"bboxes": [], "classes": [], "scores": []}, "20221220-08_11_11_00017": {"bboxes": [], "classes": [], "scores": []}, "20221220-08_11_11_00018": {"bboxes": [], "classes": [], "scores": []}, "20221220-08_11_11_00019": {"bboxes": [], "classes": [], "scores": []}, "20221220-08_11_11_00020": {"bboxes": [], "classes": [], "scores": []}, "20221220-08_11_11_00021": {"bboxes": [], "classes": [], "scores": []}, "20221220-08_11_11_00022": {"bboxes": [], "classes": [], "scores": []}, "20221220-08_11_11_00023": {"bboxes": [], "classes": [], "scores": []}, "20221220-08_11_12_00024": {"bboxes": [], "classes": [], "scores": []}, "20221220-08_11_12_00025": {"bboxes": [], "classes": [], "scores": []}, "20221220-08_11_12_00026": {"bboxes": [], "classes": [], "scores": []}, "20221220-08_11_12_00027": {"bboxes": [], "classes": [], "scores": []}, "20221220-08_11_12_00028": {"bboxes": [], "classes": [], "scores": []}, "20221220-08_11_12_00029": {"bboxes": [], "classes": [], "scores": []}, "20221220-08_11_12_00031": {"bboxes": [], "classes": [], "scores": []}, "20221220-08_11_12_00032": {"bboxes": [], "classes": [], "scores": []}, "20221220-08_11_12_00033": {"bboxes": [], "classes": [], "scores": []}, "20221220-08_11_12_00034": {"bboxes": [], "classes": [], "scores": []}, "20221220-08_11_12_00035": {"bboxes": [], "classes": [], "scores": []}, "20221220-08_11_12_00036": {"bboxes": [], "classes": [], "scores": []}, "20221220-08_11_12_00037": {"bboxes": [], "classes": [], "scores": []}, "20221220-08_11_12_00038": {"bboxes": [], "classes": [], "scores": []}, "20221220-08_11_12_00039": {"bboxes": [], "classes": [], "scores": []}, "20221220-08_11_13_00040": {"bboxes": [], "classes": [], "scores": []}, "20221220-08_11_13_00041": {"bboxes": [], "classes": [], "scores": []}, "20221220-08_11_13_00042": {"bboxes": [], "classes": [], "scores": []}, "20221220-08_11_13_00043": {"bboxes": [], "classes": [], "scores": []}, "20221220-08_11_13_00044": {"bboxes": [], "classes": [], "scores": []}, "20221220-08_11_13_00045": {"bboxes": [], "classes": [], "scores": []}, "20221220-08_11_13_00046": {"bboxes": [], "classes": [], "scores": []}, "20221220-08_11_13_00047": {"bboxes": [], "classes": [], "scores": []}, "20221220-08_11_13_00048": {"bboxes": [], "classes": [], "scores": []}, "20221220-08_11_13_00049": {"bboxes": [], "classes": [], "scores": []}, "20221220-08_11_13_00050": {"bboxes": [], "classes": [], "scores": []}, "20221220-08_11_13_00051": {"bboxes": [], "classes": [], "scores": []}, "20221220-08_11_13_00052": {"bboxes": [], "classes": [], "scores": []}, "20221220-08_11_13_00053": {"bboxes": [], "classes": [], "scores": []}, "20221220-08_11_13_00055": {"bboxes": [], "classes": [], "scores": []}, "20221220-08_11_13_00056": {"bboxes": [], "classes": [], "scores": []}, "20221220-08_11_14_00057": {"bboxes": [], "classes": [], "scores": []}, "20221220-08_11_14_00058": {"bboxes": [], "classes": [], "scores": []}, "20221220-08_11_14_00059": {"bboxes": [], "classes": [], "scores": []}, "20221220-08_11_14_00060": {"bboxes": [], "classes": [], "scores": []}, "20221220-08_11_14_00061": {"bboxes": [], "classes": [], "scores": []}, "20221220-08_11_14_00062": {"bboxes": [], "classes": [], "scores": []}, "20221220-08_11_14_00063": {"bboxes": [], "classes": [], "scores": []}, "20221220-08_11_14_00064": {"bboxes": [], "classes": [], "scores": []}, "20221220-08_11_14_00065": {"bboxes": [], "classes": [], "scores": []}, "20221220-08_11_14_00066": {"bboxes": [], "classes": [], "scores": []}, "20221220-08_11_14_00067": {"bboxes": [], "classes": [], "scores": []}, "20221220-08_11_14_00068": {"bboxes": [], "classes": [], "scores": []}, "20221220-08_11_14_00069": {"bboxes": [], "classes": [], "scores": []}, "20221220-08_11_14_00070": {"bboxes": [], "classes": [], "scores": []}, "20221220-08_11_14_00071": {"bboxes": [], "classes": [], "scores": []}, "20221220-08_11_14_00072": {"bboxes": [], "classes": [], "scores": []}, "20221220-08_11_15_00073": {"bboxes": [], "classes": [], "scores": []}, "20221220-08_11_15_00074": {"bboxes": [], "classes": [], "scores": []}, "20221220-08_11_15_00075": {"bboxes": [], "classes": [], "scores": []}, "20221220-08_11_15_00076": {"bboxes": [], "classes": [], "scores": []}, "20221220-08_11_15_00077": {"bboxes": [], "classes": [], "scores": []}, "20221220-08_11_15_00078": {"bboxes": [], "classes": [], "scores": []}, "20221220-08_11_15_00079": {"bboxes": [], "classes": [], "scores": []}, "20221220-08_11_15_00080": {"bboxes": [], "classes": [], "scores": []}, "20221220-08_11_15_00081": {"bboxes": [], "classes": [], "scores": []}, "20221220-08_11_15_00082": {"bboxes": [], "classes": [], "scores": []}, "20221220-08_11_15_00083": {"bboxes": [], "classes": [], "scores": []}, "20221220-08_11_15_00084": {"bboxes": [], "classes": [], "scores": []}, "20221220-08_11_15_00085": {"bboxes": [], "classes": [], "scores": []}, "20221220-08_11_15_00086": {"bboxes": [], "classes": [], "scores": []}, "20221220-08_11_15_00087": {"bboxes": [], "classes": [], "scores": []}, "20221220-08_11_15_00088": {"bboxes": [], "classes": [], "scores": []}, "20221220-08_11_16_00090": {"bboxes": [], "classes": [], "scores": []}, "20221220-08_11_16_00091": {"bboxes": [], "classes": [], "scores": []}, "20221220-08_11_16_00092": {"bboxes": [], "classes": [], "scores": []}, "20221220-08_11_16_00093": {"bboxes": [], "classes": [], "scores": []}, "20221220-08_11_16_00094": {"bboxes": [], "classes": [], "scores": []}, "20221220-08_11_16_00095": {"bboxes": [], "classes": [], "scores": []}, "20221220-08_11_16_00096": {"bboxes": [], "classes": [], "scores": []}, "20221220-08_11_16_00097": {"bboxes": [], "classes": [], "scores": []}, "20221220-08_11_16_00098": {"bboxes": [], "classes": [], "scores": []}, "20221220-08_11_16_00099": {"bboxes": [], "classes": [], "scores": []}, "20221220-08_11_16_00100": {"bboxes": [], "classes": [], "scores": []}, "20221220-08_11_16_00101": {"bboxes": [], "classes": [], "scores": []}, "20221220-08_11_16_00102": {"bboxes": [], "classes": [], "scores": []}, "20221220-08_11_16_00103": {"bboxes": [], "classes": [], "scores": []}, "20221220-08_11_16_00104": {"bboxes": [], "classes": [], "scores": []}, "20221220-08_11_17_00105": {"bboxes": [], "classes": [], "scores": []}, "20221220-08_11_17_00106": {"bboxes": [], "classes": [], "scores": []}, "20221220-08_11_17_00107": {"bboxes": [], "classes": [], "scores": []}, "20221220-08_11_17_00108": {"bboxes": [], "classes": [], "scores": []}, "20221220-08_11_17_00109": {"bboxes": [], "classes": [], "scores": []}, "20221220-08_11_17_00110": {"bboxes": [], "classes": [], "scores": []}, "20221220-08_11_17_00111": {"bboxes": [], "classes": [], "scores": []}, "20221220-08_11_17_00112": {"bboxes": [], "classes": [], "scores": []}, "20221220-08_11_17_00113": {"bboxes": [], "classes": [], "scores": []}, "20221220-08_11_17_00114": {"bboxes": [], "classes": [], "scores": []}, "20221220-08_11_17_00115": {"bboxes": [], "classes": [], "scores": []}, "20221220-08_11_17_00116": {"bboxes": [], "classes": [], "scores": []}, "20221220-08_11_17_00117": {"bboxes": [], "classes": [], "scores": []}, "20221220-08_11_17_00118": {"bboxes": [], "classes": [], "scores": []}, "20221220-08_11_17_00119": {"bboxes": [], "classes": [], "scores": []}, "20221220-08_11_17_00120": {"bboxes": [], "classes": [], "scores": []}, "20221220-08_11_18_00121": {"bboxes": [], "classes": [], "scores": []}, "20221220-08_11_18_00122": {"bboxes": [], "classes": [], "scores": []}, "20221220-08_11_18_00123": {"bboxes": [], "classes": [], "scores": []}, "20221220-08_11_18_00124": {"bboxes": [], "classes": [], "scores": []}, "20221220-08_11_18_00125": {"bboxes": [], "classes": [], "scores": []}, "20221220-08_11_18_00126": {"bboxes": [], "classes": [], "scores": []}, "20221220-08_11_18_00127": {"bboxes": [], "classes": [], "scores": []}, "20221220-08_11_18_00128": {"bboxes": [], "classes": [], "scores": []}, "20221220-08_11_18_00129": {"bboxes": [], "classes": [], "scores": []}, "20221220-08_11_18_00130": {"bboxes": [], "classes": [], "scores": []}, "20221220-08_11_18_00131": {"bboxes": [], "classes": [], "scores": []}, "20221220-08_11_18_00132": {"bboxes": [], "classes": [], "scores": []}, "20221220-08_11_18_00133": {"bboxes": [], "classes": [], "scores": []}, "20221220-08_11_18_00134": {"bboxes": [], "classes": [], "scores": []}, "20221220-08_11_18_00135": {"bboxes": [], "classes": [], "scores": []}, "20221220-08_11_18_00136": {"bboxes": [], "classes": [], "scores": []}, "20221220-08_11_19_00137": {"bboxes": [], "classes": [], "scores": []}, "20221220-08_11_19_00138": {"bboxes": [], "classes": [], "scores": []}, "20221220-08_11_19_00139": {"bboxes": [], "classes": [], "scores": []}, "20221220-08_11_19_00140": {"bboxes": [], "classes": [], "scores": []}, "20221220-08_11_19_00141": {"bboxes": [], "classes": [], "scores": []}, "20221220-08_11_19_00142": {"bboxes": [], "classes": [], "scores": []}, "20221220-08_11_19_00143": {"bboxes": [], "classes": [], "scores": []}, "20221220-08_11_19_00144": {"bboxes": [], "classes": [], "scores": []}, "20221220-08_11_19_00145": {"bboxes": [], "classes": [], "scores": []}, "20221220-08_11_19_00146": {"bboxes": [], "classes": [], "scores": []}, "20221220-08_11_19_00147": {"bboxes": [], "classes": [], "scores": []}, "20221220-08_11_19_00149": {"bboxes": [], "classes": [], "scores": []}, "20221220-08_11_19_00151": {"bboxes": [], "classes": [], "scores": []}, "20221220-08_11_19_00152": {"bboxes": [], "classes": [], "scores": []}, "20221220-08_11_19_00153": {"bboxes": [], "classes": [], "scores": []}, "20221220-08_11_20_00154": {"bboxes": [], "classes": [], "scores": []}, "20221220-08_11_20_00155": {"bboxes": [], "classes": [], "scores": []}, "20221220-08_11_20_00156": {"bboxes": [], "classes": [], "scores": []}, "20221220-08_11_20_00157": {"bboxes": [], "classes": [], "scores": []}, "20221220-08_11_20_00158": {"bboxes": [], "classes": [], "scores": []}, "20221220-08_11_20_00159": {"bboxes": [], "classes": [], "scores": []}, "20221220-08_11_20_00160": {"bboxes": [], "classes": [], "scores": []}, "20221220-08_11_20_00161": {"bboxes": [], "classes": [], "scores": []}, "20221220-08_11_20_00162": {"bboxes": [], "classes": [], "scores": []}, "20221220-08_11_20_00163": {"bboxes": [], "classes": [], "scores": []}, "20221220-08_11_20_00164": {"bboxes": [], "classes": [], "scores": []}, "20221220-08_11_20_00166": {"bboxes": [], "classes": [], "scores": []}, "20221220-08_11_20_00167": {"bboxes": [], "classes": [], "scores": []}, "20221220-08_11_20_00168": {"bboxes": [], "classes": [], "scores": []}, "20221220-08_11_20_00169": {"bboxes": [], "classes": [], "scores": []}, "20221220-08_11_20_00170": {"bboxes": [], "classes": [], "scores": []}, "20221220-08_11_21_00171": {"bboxes": [], "classes": [], "scores": []}, "20221220-08_11_21_00172": {"bboxes": [], "classes": [], "scores": []}, "20221220-08_11_21_00173": {"bboxes": [], "classes": [], "scores": []}}