{"20221220-12_20_23_00001": {"bboxes": [], "classes": [], "scores": []}, "20221220-12_20_23_00002": {"bboxes": [], "classes": [], "scores": []}, "20221220-12_20_23_00003": {"bboxes": [], "classes": [], "scores": []}, "20221220-12_20_23_00004": {"bboxes": [], "classes": [], "scores": []}, "20221220-12_20_23_00005": {"bboxes": [], "classes": [], "scores": []}, "20221220-12_20_23_00006": {"bboxes": [], "classes": [], "scores": []}, "20221220-12_20_23_00007": {"bboxes": [], "classes": [], "scores": []}, "20221220-12_20_23_00008": {"bboxes": [], "classes": [], "scores": []}, "20221220-12_20_23_00009": {"bboxes": [], "classes": [], "scores": []}, "20221220-12_20_23_00010": {"bboxes": [], "classes": [], "scores": []}, "20221220-12_20_23_00011": {"bboxes": [], "classes": [], "scores": []}, "20221220-12_20_23_00012": {"bboxes": [], "classes": [], "scores": []}, "20221220-12_20_23_00013": {"bboxes": [], "classes": [], "scores": []}, "20221220-12_20_23_00014": {"bboxes": [], "classes": [], "scores": []}, "20221220-12_20_24_00015": {"bboxes": [], "classes": [], "scores": []}, "20221220-12_20_24_00016": {"bboxes": [], "classes": [], "scores": []}, "20221220-12_20_24_00017": {"bboxes": [], "classes": [], "scores": []}, "20221220-12_20_24_00018": {"bboxes": [], "classes": [], "scores": []}, "20221220-12_20_24_00019": {"bboxes": [], "classes": [], "scores": []}, "20221220-12_20_24_00020": {"bboxes": [], "classes": [], "scores": []}, "20221220-12_20_24_00021": {"bboxes": [], "classes": [], "scores": []}, "20221220-12_20_24_00022": {"bboxes": [], "classes": [], "scores": []}, "20221220-12_20_24_00023": {"bboxes": [], "classes": [], "scores": []}, "20221220-12_20_24_00024": {"bboxes": [], "classes": [], "scores": []}, "20221220-12_20_24_00025": {"bboxes": [], "classes": [], "scores": []}, "20221220-12_20_24_00026": {"bboxes": [], "classes": [], "scores": []}, "20221220-12_20_24_00027": {"bboxes": [], "classes": [], "scores": []}, "20221220-12_20_24_00028": {"bboxes": [], "classes": [], "scores": []}, "20221220-12_20_24_00029": {"bboxes": [], "classes": [], "scores": []}, "20221220-12_20_24_00030": {"bboxes": [], "classes": [], "scores": []}, "20221220-12_20_25_00031": {"bboxes": [], "classes": [], "scores": []}, "20221220-12_20_25_00032": {"bboxes": [], "classes": [], "scores": []}, "20221220-12_20_25_00033": {"bboxes": [], "classes": [], "scores": []}, "20221220-12_20_25_00034": {"bboxes": [], "classes": [], "scores": []}, "20221220-12_20_25_00035": {"bboxes": [], "classes": [], "scores": []}, "20221220-12_20_25_00036": {"bboxes": [], "classes": [], "scores": []}, "20221220-12_20_25_00037": {"bboxes": [], "classes": [], "scores": []}, "20221220-12_20_25_00038": {"bboxes": [], "classes": [], "scores": []}, "20221220-12_20_25_00039": {"bboxes": [], "classes": [], "scores": []}, "20221220-12_20_25_00040": {"bboxes": [], "classes": [], "scores": []}, "20221220-12_20_25_00041": {"bboxes": [], "classes": [], "scores": []}, "20221220-12_20_25_00042": {"bboxes": [], "classes": [], "scores": []}, "20221220-12_20_25_00043": {"bboxes": [], "classes": [], "scores": []}, "20221220-12_20_25_00044": {"bboxes": [], "classes": [], "scores": []}, "20221220-12_20_25_00045": {"bboxes": [], "classes": [], "scores": []}, "20221220-12_20_26_00046": {"bboxes": [], "classes": [], "scores": []}, "20221220-12_20_26_00047": {"bboxes": [], "classes": [], "scores": []}, "20221220-12_20_26_00048": {"bboxes": [], "classes": [], "scores": []}, "20221220-12_20_26_00049": {"bboxes": [], "classes": [], "scores": []}, "20221220-12_20_26_00050": {"bboxes": [], "classes": [], "scores": []}, "20221220-12_20_26_00051": {"bboxes": [], "classes": [], "scores": []}, "20221220-12_20_26_00052": {"bboxes": [], "classes": [], "scores": []}, "20221220-12_20_26_00053": {"bboxes": [], "classes": [], "scores": []}, "20221220-12_20_26_00054": {"bboxes": [], "classes": [], "scores": []}, "20221220-12_20_26_00055": {"bboxes": [], "classes": [], "scores": []}, "20221220-12_20_26_00056": {"bboxes": [], "classes": [], "scores": []}, "20221220-12_20_26_00057": {"bboxes": [], "classes": [], "scores": []}, "20221220-12_20_26_00058": {"bboxes": [], "classes": [], "scores": []}, "20221220-12_20_26_00059": {"bboxes": [], "classes": [], "scores": []}, "20221220-12_20_26_00060": {"bboxes": [], "classes": [], "scores": []}, "20221220-12_20_26_00061": {"bboxes": [], "classes": [], "scores": []}, "20221220-12_20_27_00062": {"bboxes": [], "classes": [], "scores": []}, "20221220-12_20_27_00063": {"bboxes": [], "classes": [], "scores": []}, "20221220-12_20_27_00064": {"bboxes": [], "classes": [], "scores": []}, "20221220-12_20_27_00065": {"bboxes": [], "classes": [], "scores": []}, "20221220-12_20_27_00066": {"bboxes": [], "classes": [], "scores": []}, "20221220-12_20_27_00067": {"bboxes": [], "classes": [], "scores": []}, "20221220-12_20_27_00068": {"bboxes": [], "classes": [], "scores": []}, "20221220-12_20_27_00069": {"bboxes": [], "classes": [], "scores": []}, "20221220-12_20_27_00070": {"bboxes": [], "classes": [], "scores": []}, "20221220-12_20_27_00071": {"bboxes": [], "classes": [], "scores": []}, "20221220-12_20_27_00072": {"bboxes": [], "classes": [], "scores": []}, "20221220-12_20_27_00073": {"bboxes": [], "classes": [], "scores": []}, "20221220-12_20_27_00074": {"bboxes": [], "classes": [], "scores": []}, "20221220-12_20_27_00075": {"bboxes": [], "classes": [], "scores": []}, "20221220-12_20_27_00076": {"bboxes": [], "classes": [], "scores": []}, "20221220-12_20_27_00077": {"bboxes": [], "classes": [], "scores": []}, "20221220-12_20_28_00078": {"bboxes": [], "classes": [], "scores": []}, "20221220-12_20_28_00079": {"bboxes": [], "classes": [], "scores": []}, "20221220-12_20_28_00080": {"bboxes": [], "classes": [], "scores": []}, "20221220-12_20_28_00081": {"bboxes": [], "classes": [], "scores": []}, "20221220-12_20_28_00082": {"bboxes": [], "classes": [], "scores": []}, "20221220-12_20_28_00083": {"bboxes": [], "classes": [], "scores": []}, "20221220-12_20_28_00084": {"bboxes": [], "classes": [], "scores": []}, "20221220-12_20_28_00085": {"bboxes": [], "classes": [], "scores": []}, "20221220-12_20_28_00086": {"bboxes": [], "classes": [], "scores": []}, "20221220-12_20_28_00087": {"bboxes": [], "classes": [], "scores": []}, "20221220-12_20_28_00088": {"bboxes": [], "classes": [], "scores": []}, "20221220-12_20_28_00089": {"bboxes": [], "classes": [], "scores": []}, "20221220-12_20_28_00090": {"bboxes": [], "classes": [], "scores": []}, "20221220-12_20_28_00091": {"bboxes": [], "classes": [], "scores": []}, "20221220-12_20_28_00092": {"bboxes": [], "classes": [], "scores": []}, "20221220-12_20_28_00093": {"bboxes": [], "classes": [], "scores": []}, "20221220-12_20_29_00094": {"bboxes": [], "classes": [], "scores": []}, "20221220-12_20_29_00095": {"bboxes": [], "classes": [], "scores": []}, "20221220-12_20_29_00096": {"bboxes": [], "classes": [], "scores": []}, "20221220-12_20_29_00097": {"bboxes": [], "classes": [], "scores": []}, "20221220-12_20_29_00098": {"bboxes": [], "classes": [], "scores": []}, "20221220-12_20_29_00099": {"bboxes": [], "classes": [], "scores": []}, "20221220-12_20_29_00100": {"bboxes": [], "classes": [], "scores": []}, "20221220-12_20_29_00101": {"bboxes": [], "classes": [], "scores": []}, "20221220-12_20_29_00102": {"bboxes": [], "classes": [], "scores": []}, "20221220-12_20_29_00103": {"bboxes": [], "classes": [], "scores": []}, "20221220-12_20_29_00104": {"bboxes": [], "classes": [], "scores": []}, "20221220-12_20_29_00105": {"bboxes": [], "classes": [], "scores": []}, "20221220-12_20_29_00106": {"bboxes": [], "classes": [], "scores": []}, "20221220-12_20_29_00107": {"bboxes": [], "classes": [], "scores": []}, "20221220-12_20_29_00108": {"bboxes": [], "classes": [], "scores": []}, "20221220-12_20_30_00109": {"bboxes": [], "classes": [], "scores": []}, "20221220-12_20_30_00110": {"bboxes": [], "classes": [], "scores": []}, "20221220-12_20_30_00111": {"bboxes": [], "classes": [], "scores": []}, "20221220-12_20_30_00112": {"bboxes": [], "classes": [], "scores": []}, "20221220-12_20_30_00113": {"bboxes": [], "classes": [], "scores": []}, "20221220-12_20_30_00114": {"bboxes": [], "classes": [], "scores": []}, "20221220-12_20_30_00115": {"bboxes": [], "classes": [], "scores": []}, "20221220-12_20_30_00116": {"bboxes": [], "classes": [], "scores": []}, "20221220-12_20_30_00117": {"bboxes": [], "classes": [], "scores": []}, "20221220-12_20_30_00118": {"bboxes": [], "classes": [], "scores": []}, "20221220-12_20_30_00119": {"bboxes": [], "classes": [], "scores": []}, "20221220-12_20_30_00120": {"bboxes": [], "classes": [], "scores": []}, "20221220-12_20_30_00121": {"bboxes": [], "classes": [], "scores": []}, "20221220-12_20_30_00122": {"bboxes": [], "classes": [], "scores": []}, "20221220-12_20_30_00123": {"bboxes": [], "classes": [], "scores": []}, "20221220-12_20_30_00124": {"bboxes": [], "classes": [], "scores": []}, "20221220-12_20_31_00125": {"bboxes": [], "classes": [], "scores": []}, "20221220-12_20_31_00126": {"bboxes": [], "classes": [], "scores": []}, "20221220-12_20_31_00127": {"bboxes": [], "classes": [], "scores": []}, "20221220-12_20_31_00128": {"bboxes": [], "classes": [], "scores": []}, "20221220-12_20_31_00129": {"bboxes": [], "classes": [], "scores": []}, "20221220-12_20_31_00130": {"bboxes": [], "classes": [], "scores": []}, "20221220-12_20_31_00131": {"bboxes": [], "classes": [], "scores": []}, "20221220-12_20_31_00132": {"bboxes": [], "classes": [], "scores": []}, "20221220-12_20_31_00133": {"bboxes": [], "classes": [], "scores": []}, "20221220-12_20_31_00134": {"bboxes": [], "classes": [], "scores": []}, "20221220-12_20_31_00135": {"bboxes": [], "classes": [], "scores": []}, "20221220-12_20_31_00136": {"bboxes": [], "classes": [], "scores": []}, "20221220-12_20_31_00137": {"bboxes": [], "classes": [], "scores": []}, "20221220-12_20_31_00138": {"bboxes": [], "classes": [], "scores": []}, "20221220-12_20_31_00139": {"bboxes": [], "classes": [], "scores": []}, "20221220-12_20_31_00140": {"bboxes": [], "classes": [], "scores": []}, "20221220-12_20_32_00141": {"bboxes": [], "classes": [], "scores": []}, "20221220-12_20_32_00142": {"bboxes": [], "classes": [], "scores": []}, "20221220-12_20_32_00143": {"bboxes": [], "classes": [], "scores": []}, "20221220-12_20_32_00144": {"bboxes": [], "classes": [], "scores": []}, "20221220-12_20_32_00145": {"bboxes": [], "classes": [], "scores": []}, "20221220-12_20_32_00146": {"bboxes": [], "classes": [], "scores": []}, "20221220-12_20_32_00147": {"bboxes": [], "classes": [], "scores": []}, "20221220-12_20_32_00148": {"bboxes": [], "classes": [], "scores": []}, "20221220-12_20_32_00149": {"bboxes": [], "classes": [], "scores": []}, "20221220-12_20_32_00150": {"bboxes": [], "classes": [], "scores": []}, "20221220-12_20_32_00151": {"bboxes": [], "classes": [], "scores": []}, "20221220-12_20_32_00152": {"bboxes": [], "classes": [], "scores": []}, "20221220-12_20_32_00153": {"bboxes": [], "classes": [], "scores": []}, "20221220-12_20_32_00154": {"bboxes": [], "classes": [], "scores": []}, "20221220-12_20_32_00155": {"bboxes": [], "classes": [], "scores": []}, "20221220-12_20_32_00156": {"bboxes": [], "classes": [], "scores": []}, "20221220-12_20_33_00157": {"bboxes": [], "classes": [], "scores": []}, "20221220-12_20_33_00158": {"bboxes": [], "classes": [], "scores": []}, "20221220-12_20_33_00159": {"bboxes": [], "classes": [], "scores": []}, "20221220-12_20_33_00160": {"bboxes": [], "classes": [], "scores": []}, "20221220-12_20_33_00161": {"bboxes": [], "classes": [], "scores": []}, "20221220-12_20_33_00162": {"bboxes": [], "classes": [], "scores": []}, "20221220-12_20_33_00163": {"bboxes": [], "classes": [], "scores": []}, "20221220-12_20_33_00164": {"bboxes": [], "classes": [], "scores": []}, "20221220-12_20_33_00165": {"bboxes": [], "classes": [], "scores": []}, "20221220-12_20_33_00166": {"bboxes": [], "classes": [], "scores": []}, "20221220-12_20_33_00167": {"bboxes": [], "classes": [], "scores": []}, "20221220-12_20_33_00168": {"bboxes": [], "classes": [], "scores": []}, "20221220-12_20_33_00169": {"bboxes": [], "classes": [], "scores": []}, "20221220-12_20_33_00170": {"bboxes": [], "classes": [], "scores": []}, "20221220-12_20_33_00171": {"bboxes": [], "classes": [], "scores": []}, "20221220-12_20_33_00172": {"bboxes": [], "classes": [], "scores": []}, "20221220-12_20_34_00173": {"bboxes": [[27, 24, 61, 58]], "classes": [3], "scores": [0.896909773349762]}, "20221220-12_20_34_00174": {"bboxes": [[40, 32, 69, 75]], "classes": [5], "scores": [0.9800844192504883]}, "20221220-12_20_34_00175": {"bboxes": [[52, 41, 73, 90]], "classes": [3], "scores": [0.9379790425300598]}, "20221220-12_20_34_00176": {"bboxes": [[68, 62, 96, 125]], "classes": [3], "scores": [0.8187460899353027]}, "20221220-12_20_34_00177": {"bboxes": [[82, 82, 102, 135]], "classes": [4], "scores": [0.8933073282241821]}, "20221220-12_20_34_00178": {"bboxes": [[94, 85, 113, 137]], "classes": [3], "scores": [0.9612541794776917]}, "20221220-12_20_34_00179": {"bboxes": [[109, 85, 128, 137]], "classes": [3], "scores": [0.9924781322479248]}, "20221220-12_20_34_00180": {"bboxes": [[117, 87, 136, 135]], "classes": [4], "scores": [0.7659589648246765]}, "20221220-12_20_34_00181": {"bboxes": [[124, 87, 144, 135]], "classes": [3], "scores": [0.9449571371078491]}, "20221220-12_20_34_00182": {"bboxes": [[129, 92, 154, 139]], "classes": [3], "scores": [0.9259633421897888]}, "20221220-12_20_34_00183": {"bboxes": [[135, 96, 157, 139]], "classes": [3], "scores": [0.8481348752975464]}, "20221220-12_20_34_00184": {"bboxes": [], "classes": [], "scores": []}, "20221220-12_20_34_00185": {"bboxes": [[137, 101, 156, 148]], "classes": [4], "scores": [0.7696183919906616]}, "20221220-12_20_34_00186": {"bboxes": [[138, 101, 157, 149]], "classes": [3], "scores": [0.8644241690635681]}, "20221220-12_20_35_00187": {"bboxes": [[141, 100, 160, 147]], "classes": [3], "scores": [0.9165886640548706]}, "20221220-12_20_35_00188": {"bboxes": [[143, 99, 162, 145]], "classes": [3], "scores": [0.7582014799118042]}, "20221220-12_20_35_00189": {"bboxes": [[148, 101, 167, 148]], "classes": [3], "scores": [0.9827955365180969]}, "20221220-12_20_35_00190": {"bboxes": [[150, 102, 169, 149]], "classes": [4], "scores": [0.9285411238670349]}, "20221220-12_20_35_00191": {"bboxes": [[151, 103, 173, 148]], "classes": [3], "scores": [0.9683879017829895]}, "20221220-12_20_35_00192": {"bboxes": [[153, 103, 175, 148]], "classes": [3], "scores": [0.9169779419898987]}, "20221220-12_20_35_00193": {"bboxes": [[156, 102, 178, 148]], "classes": [3], "scores": [0.7738263607025146]}, "20221220-12_20_35_00194": {"bboxes": [[159, 100, 185, 148]], "classes": [3], "scores": [0.8360376358032227]}, "20221220-12_20_35_00195": {"bboxes": [[161, 95, 193, 140]], "classes": [3], "scores": [0.9461336731910706]}, "20221220-12_20_35_00196": {"bboxes": [], "classes": [], "scores": []}, "20221220-12_20_35_00197": {"bboxes": [], "classes": [], "scores": []}, "20221220-12_20_35_00198": {"bboxes": [[167, 71, 198, 115]], "classes": [3], "scores": [0.9332799315452576]}, "20221220-12_20_35_00199": {"bboxes": [[163, 68, 194, 110]], "classes": [3], "scores": [0.9827880859375]}, "20221220-12_20_36_00200": {"bboxes": [[161, 64, 187, 106]], "classes": [3], "scores": [0.9546676278114319]}, "20221220-12_20_36_00201": {"bboxes": [[162, 68, 182, 104]], "classes": [3], "scores": [0.7309567928314209]}, "20221220-12_20_36_00202": {"bboxes": [], "classes": [], "scores": []}, "20221220-12_20_36_00203": {"bboxes": [], "classes": [], "scores": []}, "20221220-12_20_36_00204": {"bboxes": [], "classes": [], "scores": []}, "20221220-12_20_36_00205": {"bboxes": [], "classes": [], "scores": []}, "20221220-12_20_36_00206": {"bboxes": [], "classes": [], "scores": []}, "20221220-12_20_36_00207": {"bboxes": [], "classes": [], "scores": []}, "20221220-12_20_36_00208": {"bboxes": [], "classes": [], "scores": []}, "20221220-12_20_36_00209": {"bboxes": [], "classes": [], "scores": []}, "20221220-12_20_36_00210": {"bboxes": [], "classes": [], "scores": []}, "20221220-12_20_36_00211": {"bboxes": [], "classes": [], "scores": []}, "20221220-12_20_36_00212": {"bboxes": [], "classes": [], "scores": []}, "20221220-12_20_36_00213": {"bboxes": [], "classes": [], "scores": []}, "20221220-12_20_36_00214": {"bboxes": [], "classes": [], "scores": []}, "20221220-12_20_36_00215": {"bboxes": [], "classes": [], "scores": []}, "20221220-12_20_37_00216": {"bboxes": [], "classes": [], "scores": []}, "20221220-12_20_37_00217": {"bboxes": [], "classes": [], "scores": []}, "20221220-12_20_37_00218": {"bboxes": [], "classes": [], "scores": []}, "20221220-12_20_37_00219": {"bboxes": [], "classes": [], "scores": []}, "20221220-12_20_37_00220": {"bboxes": [], "classes": [], "scores": []}, "20221220-12_20_37_00221": {"bboxes": [], "classes": [], "scores": []}, "20221220-12_20_37_00222": {"bboxes": [], "classes": [], "scores": []}, "20221220-12_20_37_00223": {"bboxes": [], "classes": [], "scores": []}, "20221220-12_20_37_00224": {"bboxes": [], "classes": [], "scores": []}, "20221220-12_20_37_00225": {"bboxes": [], "classes": [], "scores": []}, "20221220-12_20_37_00226": {"bboxes": [], "classes": [], "scores": []}, "20221220-12_20_37_00227": {"bboxes": [], "classes": [], "scores": []}, "20221220-12_20_37_00228": {"bboxes": [], "classes": [], "scores": []}, "20221220-12_20_37_00229": {"bboxes": [], "classes": [], "scores": []}, "20221220-12_20_37_00230": {"bboxes": [], "classes": [], "scores": []}, "20221220-12_20_37_00231": {"bboxes": [], "classes": [], "scores": []}, "20221220-12_20_38_00232": {"bboxes": [], "classes": [], "scores": []}, "20221220-12_20_38_00233": {"bboxes": [], "classes": [], "scores": []}, "20221220-12_20_38_00234": {"bboxes": [], "classes": [], "scores": []}, "20221220-12_20_38_00235": {"bboxes": [], "classes": [], "scores": []}, "20221220-12_20_38_00236": {"bboxes": [], "classes": [], "scores": []}}